Player,Position,Team,Prop Type,Prop Value,Opposing Team,Odds Category,Start Time,G,W,L,ERA,SO,K/9,BB/9,K/BB,HR/9,H/9,FG_ID,K%,BB%,K-BB%,AVG Against,WHIP,BABIP,LOB%,ERA-,FIP-,FIP,Four Seamer,Sinker,Slider,Curveball,Split Finger,Cutter,Changeup,Knuckle Curve,Sweeper,Slurve,Heart_Count,Heart_Pct,Shadow_Count,Shadow_Pct,Chase_Count,Chase_Pct,Waste_Count,Waste_Pct,15_day_fastball_velo,15_day_fastball_spin,15_day_hard_hit_pct,15_day_barrel_pct,15_day_gb_pct,15_day_fb_pct,15_day_ld_pct,30_day_fastball_velo,30_day_fastball_spin,30_day_hard_hit_pct,30_day_barrel_pct,30_day_gb_pct,30_day_fb_pct,30_day_ld_pct,DEC,TBF,ER,IP,SHO,ERA_y,GF,CG,GS,WP,SV,Pitches Thrown,Pitching Outs,Actual Stat,Hit
bailey falter,P,PIT,Pitcher Strikeouts,3.5,MIA,base,Wed 12:35 PM,13,4,3,3.49,43,5.56,3.1,1.79,0.78,6.98,20070,15.6%,8.7%,6.9%,0.215,1.12,0.238,66.6%,85.0,101.0,4.04,42.7%,19.2%,18.8%,13.8%,5.4%,,,,,,307,0.293,474,0.453,210,0.201,55,0.053,92.78,2158.0,0.484,0.0,0.516,0.194,0.161,92.41,2124.0,0.455,0.0,0.416,0.247,0.234,W,22.0,1.0,5.1,0.0,1.69,0.0,0.0,1.0,0.0,0.0,71.0,16.0,3.0,0.0
bailey falter,P,PIT,Pitching Outs,16.5,MIA,base,Wed 12:35 PM,13,4,3,3.49,43,5.56,3.1,1.79,0.78,6.98,20070,15.6%,8.7%,6.9%,0.215,1.12,0.238,66.6%,85.0,101.0,4.04,42.7%,19.2%,18.8%,13.8%,5.4%,,,,,,307,0.293,474,0.453,210,0.201,55,0.053,92.78,2158.0,0.484,0.0,0.516,0.194,0.161,92.41,2124.0,0.455,0.0,0.416,0.247,0.234,W,22.0,1.0,5.1,0.0,1.69,0.0,0.0,1.0,0.0,0.0,71.0,16.0,16.0,0.0
bailey falter,P,PIT,Pitcher Fantasy Score,23.5,MIA,base,Wed 12:35 PM,13,4,3,3.49,43,5.56,3.1,1.79,0.78,6.98,20070,15.6%,8.7%,6.9%,0.215,1.12,0.238,66.6%,85.0,101.0,4.04,42.7%,19.2%,18.8%,13.8%,5.4%,,,,,,307,0.293,474,0.453,210,0.201,55,0.053,92.78,2158.0,0.484,0.0,0.516,0.194,0.161,92.41,2124.0,0.455,0.0,0.416,0.247,0.234,W,22.0,1.0,5.1,0.0,1.69,0.0,0.0,1.0,0.0,0.0,71.0,16.0,28.0,1.0
cal quantrill,P,MIA,Earned Runs Allowed,2.5,PIT,base,Wed 12:35 PM,12,3,6,5.63,40,6.63,2.82,2.35,1.16,10.6,19312,17.2%,7.3%,9.9%,0.299,1.49,0.341,66.9%,137.0,109.0,4.33,23.6%,12.5%,8.6%,13.9%,21.8%,19.2%,0.5%,,,,242,0.256,405,0.429,215,0.228,83,0.088,93.68,2124.0,0.387,0.0,0.29,0.29,0.323,93.51,2144.0,0.379,0.0,0.242,0.303,0.333,L,22.0,3.0,5.0,0.0,5.4,0.0,0.0,1.0,0.0,0.0,99.0,15.0,3.0,1.0
cal quantrill,P,MIA,Pitcher Strikeouts,3.0,PIT,base,Wed 12:35 PM,12,3,6,5.63,40,6.63,2.82,2.35,1.16,10.6,19312,17.2%,7.3%,9.9%,0.299,1.49,0.341,66.9%,137.0,109.0,4.33,23.6%,12.5%,8.6%,13.9%,21.8%,19.2%,0.5%,,,,242,0.256,405,0.429,215,0.228,83,0.088,93.68,2124.0,0.387,0.0,0.29,0.29,0.323,93.51,2144.0,0.379,0.0,0.242,0.303,0.333,L,22.0,3.0,5.0,0.0,5.4,0.0,0.0,1.0,0.0,0.0,99.0,15.0,6.0,1.0
cal quantrill,P,MIA,Pitcher Fantasy Score,19.5,PIT,base,Wed 12:35 PM,12,3,6,5.63,40,6.63,2.82,2.35,1.16,10.6,19312,17.2%,7.3%,9.9%,0.299,1.49,0.341,66.9%,137.0,109.0,4.33,23.6%,12.5%,8.6%,13.9%,21.8%,19.2%,0.5%,,,,242,0.256,405,0.429,215,0.228,83,0.088,93.68,2124.0,0.387,0.0,0.29,0.29,0.323,93.51,2144.0,0.379,0.0,0.242,0.303,0.333,L,22.0,3.0,5.0,0.0,5.4,0.0,0.0,1.0,0.0,0.0,99.0,15.0,24.0,1.0
ben brown,P,CHC,Pitcher Fantasy Score,27.5,PHI,base,Wed 1:05 PM,13,3,4,5.37,78,11.03,2.83,3.9,0.99,10.04,23590,27.7%,7.1%,20.6%,0.274,1.43,0.368,65.3%,137.0,81.0,3.14,58.4%,,,,,,3.7%,37.9%,,,326,0.305,434,0.406,221,0.207,88,0.082,96.41,2248.0,0.517,0.0,0.276,0.414,0.241,96.27,2244.0,0.5,0.0,0.375,0.333,0.222,L,28.0,6.0,5.2,0.0,9.53,0.0,0.0,1.0,0.0,0.0,100.0,17.0,14.0,0.0
ben brown,P,CHC,Pitching Outs,15.5,PHI,base,Wed 1:05 PM,13,3,4,5.37,78,11.03,2.83,3.9,0.99,10.04,23590,27.7%,7.1%,20.6%,0.274,1.43,0.368,65.3%,137.0,81.0,3.14,58.4%,,,,,,3.7%,37.9%,,,326,0.305,434,0.406,221,0.207,88,0.082,96.41,2248.0,0.517,0.0,0.276,0.414,0.241,96.27,2244.0,0.5,0.0,0.375,0.333,0.222,L,28.0,6.0,5.2,0.0,9.53,0.0,0.0,1.0,0.0,0.0,100.0,17.0,17.0,1.0
ben brown,P,CHC,Pitcher Strikeouts,5.5,PHI,base,Wed 1:05 PM,13,3,4,5.37,78,11.03,2.83,3.9,0.99,10.04,23590,27.7%,7.1%,20.6%,0.274,1.43,0.368,65.3%,137.0,81.0,3.14,58.4%,,,,,,3.7%,37.9%,,,326,0.305,434,0.406,221,0.207,88,0.082,96.41,2248.0,0.517,0.0,0.276,0.414,0.241,96.27,2244.0,0.5,0.0,0.375,0.333,0.222,L,28.0,6.0,5.2,0.0,9.53,0.0,0.0,1.0,0.0,0.0,100.0,17.0,5.0,0.0
jesus luzardo,P,PHI,Pitching Outs,16.5,CHC,base,Wed 1:05 PM,13,5,2,4.46,83,10.28,2.97,3.46,0.74,10.03,19959,26.4%,7.6%,18.8%,0.28,1.44,0.375,68.6%,110.0,72.0,2.89,34.2%,11.2%,9.1%,,,,18.4%,,27.1%,,331,0.272,525,0.432,265,0.218,94,0.077,96.67,2227.0,0.467,0.0,0.267,0.2,0.5,96.46,2233.0,0.493,0.0,0.387,0.187,0.347,W,23.0,1.0,6.0,0.0,1.5,0.0,0.0,1.0,0.0,0.0,99.0,18.0,18.0,1.0
jesus luzardo,P,PHI,Pitcher Fantasy Score,28.5,CHC,base,Wed 1:05 PM,13,5,2,4.46,83,10.28,2.97,3.46,0.74,10.03,19959,26.4%,7.6%,18.8%,0.28,1.44,0.375,68.6%,110.0,72.0,2.89,34.2%,11.2%,9.1%,,,,18.4%,,27.1%,,331,0.272,525,0.432,265,0.218,94,0.077,96.67,2227.0,0.467,0.0,0.267,0.2,0.5,96.46,2233.0,0.493,0.0,0.387,0.187,0.347,W,23.0,1.0,6.0,0.0,1.5,0.0,0.0,1.0,0.0,0.0,99.0,18.0,55.0,1.0
jesus luzardo,P,PHI,Pitches Thrown,94.5,CHC,base,Wed 1:05 PM,13,5,2,4.46,83,10.28,2.97,3.46,0.74,10.03,19959,26.4%,7.6%,18.8%,0.28,1.44,0.375,68.6%,110.0,72.0,2.89,34.2%,11.2%,9.1%,,,,18.4%,,27.1%,,331,0.272,525,0.432,265,0.218,94,0.077,96.67,2227.0,0.467,0.0,0.267,0.2,0.5,96.46,2233.0,0.493,0.0,0.387,0.187,0.347,W,23.0,1.0,6.0,0.0,1.5,0.0,0.0,1.0,0.0,0.0,99.0,18.0,99.0,1.0
jesus luzardo,P,PHI,Earned Runs Allowed,2.5,CHC,base,Wed 1:05 PM,13,5,2,4.46,83,10.28,2.97,3.46,0.74,10.03,19959,26.4%,7.6%,18.8%,0.28,1.44,0.375,68.6%,110.0,72.0,2.89,34.2%,11.2%,9.1%,,,,18.4%,,27.1%,,331,0.272,525,0.432,265,0.218,94,0.077,96.67,2227.0,0.467,0.0,0.267,0.2,0.5,96.46,2233.0,0.493,0.0,0.387,0.187,0.347,W,23.0,1.0,6.0,0.0,1.5,0.0,0.0,1.0,0.0,0.0,99.0,18.0,1.0,0.0
jesus luzardo,P,PHI,Pitcher Strikeouts,5.5,CHC,base,Wed 1:05 PM,13,5,2,4.46,83,10.28,2.97,3.46,0.74,10.03,19959,26.4%,7.6%,18.8%,0.28,1.44,0.375,68.6%,110.0,72.0,2.89,34.2%,11.2%,9.1%,,,,18.4%,,27.1%,,331,0.272,525,0.432,265,0.218,94,0.077,96.67,2227.0,0.467,0.0,0.267,0.2,0.5,96.46,2233.0,0.493,0.0,0.387,0.187,0.347,W,23.0,1.0,6.0,0.0,1.5,0.0,0.0,1.0,0.0,0.0,99.0,18.0,10.0,1.0
nick lodolo,P,CIN,Pitcher Strikeouts,5.5,CLE,base,Wed 1:10 PM,13,4,4,3.21,64,7.61,1.67,4.57,1.07,8.09,26378,20.6%,4.5%,16.1%,0.235,1.08,0.273,78.8%,75.0,90.0,3.8,28.9%,20.0%,,27.4%,,,23.6%,,,,331,0.28,504,0.426,251,0.212,98,0.083,94.05,2308.0,0.452,0.0,0.387,0.258,0.323,93.98,2307.0,0.468,0.0,0.364,0.273,0.325,L,17.0,6.0,3.1,0.0,16.2,0.0,0.0,1.0,0.0,0.0,76.0,10.0,6.0,1.0
nick lodolo,P,CIN,Pitches Thrown,91.5,CLE,base,Wed 1:10 PM,13,4,4,3.21,64,7.61,1.67,4.57,1.07,8.09,26378,20.6%,4.5%,16.1%,0.235,1.08,0.273,78.8%,75.0,90.0,3.8,28.9%,20.0%,,27.4%,,,23.6%,,,,331,0.28,504,0.426,251,0.212,98,0.083,94.05,2308.0,0.452,0.0,0.387,0.258,0.323,93.98,2307.0,0.468,0.0,0.364,0.273,0.325,L,17.0,6.0,3.1,0.0,16.2,0.0,0.0,1.0,0.0,0.0,76.0,10.0,76.0,0.0
nick lodolo,P,CIN,Pitching Outs,16.5,CLE,base,Wed 1:10 PM,13,4,4,3.21,64,7.61,1.67,4.57,1.07,8.09,26378,20.6%,4.5%,16.1%,0.235,1.08,0.273,78.8%,75.0,90.0,3.8,28.9%,20.0%,,27.4%,,,23.6%,,,,331,0.28,504,0.426,251,0.212,98,0.083,94.05,2308.0,0.452,0.0,0.387,0.258,0.323,93.98,2307.0,0.468,0.0,0.364,0.273,0.325,L,17.0,6.0,3.1,0.0,16.2,0.0,0.0,1.0,0.0,0.0,76.0,10.0,10.0,0.0
nick lodolo,P,CIN,Pitcher Fantasy Score,28.5,CLE,base,Wed 1:10 PM,13,4,4,3.21,64,7.61,1.67,4.57,1.07,8.09,26378,20.6%,4.5%,16.1%,0.235,1.08,0.273,78.8%,75.0,90.0,3.8,28.9%,20.0%,,27.4%,,,23.6%,,,,331,0.28,504,0.426,251,0.212,98,0.083,94.05,2308.0,0.452,0.0,0.387,0.258,0.323,93.98,2307.0,0.468,0.0,0.364,0.273,0.325,L,17.0,6.0,3.1,0.0,16.2,0.0,0.0,1.0,0.0,0.0,76.0,10.0,10.0,0.0
logan allen,P,CLE,Pitcher Strikeouts,4.0,CIN,base,Wed 1:10 PM,12,3,4,4.42,40,6.55,4.42,1.48,0.82,9.82,27589,16.1%,10.8%,5.2%,0.273,1.58,0.314,72.0%,112.0,109.0,4.38,18.9%,16.2%,,1.3%,20.6%,22.1%,,,20.9%,,239,0.24,424,0.426,233,0.234,99,0.099,,,,,,,,,,,,,,,W,22.0,2.0,6.0,0.0,3.0,0.0,0.0,1.0,0.0,0.0,96.0,18.0,6.0,1.0
logan allen,P,CLE,Earned Runs Allowed,2.5,CIN,base,Wed 1:10 PM,12,3,4,4.42,40,6.55,4.42,1.48,0.82,9.82,27589,16.1%,10.8%,5.2%,0.273,1.58,0.314,72.0%,112.0,109.0,4.38,18.9%,16.2%,,1.3%,20.6%,22.1%,,,20.9%,,239,0.24,424,0.426,233,0.234,99,0.099,,,,,,,,,,,,,,,W,22.0,2.0,6.0,0.0,3.0,0.0,0.0,1.0,0.0,0.0,96.0,18.0,2.0,0.0
spencer schwellenbach,P,ATL,Pitcher Strikeouts,5.5,MIL,base,Wed 2:10 PM,13,4,4,3.24,75,8.37,1.56,5.36,1.0,7.92,31846,22.9%,4.3%,18.7%,0.228,1.05,0.273,69.9%,80.0,84.0,3.26,34.4%,9.4%,18.7%,10.7%,14.6%,12.2%,,,,,380,0.319,507,0.425,219,0.184,86,0.072,97.81,2297.0,0.452,0.0,0.645,0.065,0.258,97.38,2296.0,0.385,0.0,0.505,0.198,0.242,W,31.0,2.0,9.0,0.0,2.0,0.0,1.0,1.0,0.0,0.0,105.0,27.0,9.0,1.0
spencer schwellenbach,P,ATL,Pitcher Fantasy Score,33.5,MIL,base,Wed 2:10 PM,13,4,4,3.24,75,8.37,1.56,5.36,1.0,7.92,31846,22.9%,4.3%,18.7%,0.228,1.05,0.273,69.9%,80.0,84.0,3.26,34.4%,9.4%,18.7%,10.7%,14.6%,12.2%,,,,,380,0.319,507,0.425,219,0.184,86,0.072,97.81,2297.0,0.452,0.0,0.645,0.065,0.258,97.38,2296.0,0.385,0.0,0.505,0.198,0.242,W,31.0,2.0,9.0,0.0,2.0,0.0,1.0,1.0,0.0,0.0,105.0,27.0,58.0,1.0
spencer schwellenbach,P,ATL,Pitches Thrown,95.5,MIL,base,Wed 2:10 PM,13,4,4,3.24,75,8.37,1.56,5.36,1.0,7.92,31846,22.9%,4.3%,18.7%,0.228,1.05,0.273,69.9%,80.0,84.0,3.26,34.4%,9.4%,18.7%,10.7%,14.6%,12.2%,,,,,380,0.319,507,0.425,219,0.184,86,0.072,97.81,2297.0,0.452,0.0,0.645,0.065,0.258,97.38,2296.0,0.385,0.0,0.505,0.198,0.242,W,31.0,2.0,9.0,0.0,2.0,0.0,1.0,1.0,0.0,0.0,105.0,27.0,105.0,1.0
chad patrick,P,MIL,Pitching Outs,15.5,ATL,base,Wed 2:10 PM,14,3,5,2.84,63,8.14,2.71,3.0,0.65,8.14,30113,21.9%,7.3%,14.6%,0.239,1.21,0.296,81.3%,71.0,81.0,3.23,23.8%,20.5%,3.8%,,,46.0%,5.9%,,,,291,0.253,524,0.455,255,0.222,81,0.07,94.58,2374.0,0.25,0.0,0.312,0.344,0.25,94.29,2341.0,0.316,0.0,0.289,0.329,0.289,L,26.0,5.0,5.0,0.0,9.0,0.0,0.0,1.0,0.0,0.0,94.0,15.0,15.0,0.0
chad patrick,P,MIL,Pitcher Strikeouts,4.5,ATL,base,Wed 2:10 PM,14,3,5,2.84,63,8.14,2.71,3.0,0.65,8.14,30113,21.9%,7.3%,14.6%,0.239,1.21,0.296,81.3%,71.0,81.0,3.23,23.8%,20.5%,3.8%,,,46.0%,5.9%,,,,291,0.253,524,0.455,255,0.222,81,0.07,94.58,2374.0,0.25,0.0,0.312,0.344,0.25,94.29,2341.0,0.316,0.0,0.289,0.329,0.289,L,26.0,5.0,5.0,0.0,9.0,0.0,0.0,1.0,0.0,0.0,94.0,15.0,8.0,1.0
chad patrick,P,MIL,Earned Runs Allowed,2.5,ATL,base,Wed 2:10 PM,14,3,5,2.84,63,8.14,2.71,3.0,0.65,8.14,30113,21.9%,7.3%,14.6%,0.239,1.21,0.296,81.3%,71.0,81.0,3.23,23.8%,20.5%,3.8%,,,46.0%,5.9%,,,,291,0.253,524,0.455,255,0.222,81,0.07,94.58,2374.0,0.25,0.0,0.312,0.344,0.25,94.29,2341.0,0.316,0.0,0.289,0.329,0.289,L,26.0,5.0,5.0,0.0,9.0,0.0,0.0,1.0,0.0,0.0,94.0,15.0,5.0,1.0
chad patrick,P,MIL,Pitcher Fantasy Score,23.5,ATL,base,Wed 2:10 PM,14,3,5,2.84,63,8.14,2.71,3.0,0.65,8.14,30113,21.9%,7.3%,14.6%,0.239,1.21,0.296,81.3%,71.0,81.0,3.23,23.8%,20.5%,3.8%,,,46.0%,5.9%,,,,291,0.253,524,0.455,255,0.222,81,0.07,94.58,2374.0,0.25,0.0,0.312,0.344,0.25,94.29,2341.0,0.316,0.0,0.289,0.329,0.289,L,26.0,5.0,5.0,0.0,9.0,0.0,0.0,1.0,0.0,0.0,94.0,15.0,24.0,1.0
matthew liberatore,P,STL,Pitching Outs,17.5,TOR,base,Wed 2:15 PM,12,3,5,3.82,58,7.64,1.32,5.8,0.79,8.82,22294,20.6%,3.6%,17.1%,0.249,1.13,0.298,68.0%,97.0,78.0,3.04,26.0%,12.2%,23.6%,11.2%,,14.2%,12.7%,,,,292,0.291,422,0.42,217,0.216,74,0.074,93.75,2122.0,0.529,0.0,0.294,0.235,0.382,94.14,2108.0,0.409,0.0,0.366,0.29,0.28,L,25.0,3.0,5.0,0.0,5.4,0.0,0.0,1.0,0.0,0.0,90.0,15.0,15.0,0.0
bryan woo,P,SEA,Pitcher Strikeouts,4.0,AZ,base,Wed 3:40 PM,12,5,3,3.07,69,8.14,1.3,6.27,1.06,7.31,30279,23.0%,3.7%,19.3%,0.216,0.96,0.254,78.5%,82.0,84.0,3.31,43.0%,26.5%,12.9%,,,,8.4%,,9.1%,,348,0.322,464,0.429,209,0.193,61,0.056,95.81,2245.0,0.385,0.0,0.41,0.282,0.205,95.37,2219.0,0.4,0.0,0.432,0.295,0.221,L,26.0,5.0,6.0,0.0,7.5,0.0,0.0,1.0,0.0,0.0,79.0,18.0,3.0,0.0
bryan woo,P,SEA,Pitcher Fantasy Score,27.5,AZ,base,Wed 3:40 PM,12,5,3,3.07,69,8.14,1.3,6.27,1.06,7.31,30279,23.0%,3.7%,19.3%,0.216,0.96,0.254,78.5%,82.0,84.0,3.31,43.0%,26.5%,12.9%,,,,8.4%,,9.1%,,348,0.322,464,0.429,209,0.193,61,0.056,95.81,2245.0,0.385,0.0,0.41,0.282,0.205,95.37,2219.0,0.4,0.0,0.432,0.295,0.221,L,26.0,5.0,6.0,0.0,7.5,0.0,0.0,1.0,0.0,0.0,79.0,18.0,12.0,0.0
bryan woo,P,SEA,Earned Runs Allowed,2.5,AZ,base,Wed 3:40 PM,12,5,3,3.07,69,8.14,1.3,6.27,1.06,7.31,30279,23.0%,3.7%,19.3%,0.216,0.96,0.254,78.5%,82.0,84.0,3.31,43.0%,26.5%,12.9%,,,,8.4%,,9.1%,,348,0.322,464,0.429,209,0.193,61,0.056,95.81,2245.0,0.385,0.0,0.41,0.282,0.205,95.37,2219.0,0.4,0.0,0.432,0.295,0.221,L,26.0,5.0,6.0,0.0,7.5,0.0,0.0,1.0,0.0,0.0,79.0,18.0,5.0,1.0
bryan woo,P,SEA,Pitches Thrown,92.5,AZ,base,Wed 3:40 PM,12,5,3,3.07,69,8.14,1.3,6.27,1.06,7.31,30279,23.0%,3.7%,19.3%,0.216,0.96,0.254,78.5%,82.0,84.0,3.31,43.0%,26.5%,12.9%,,,,8.4%,,9.1%,,348,0.322,464,0.429,209,0.193,61,0.056,95.81,2245.0,0.385,0.0,0.41,0.282,0.205,95.37,2219.0,0.4,0.0,0.432,0.295,0.221,L,26.0,5.0,6.0,0.0,7.5,0.0,0.0,1.0,0.0,0.0,79.0,18.0,79.0,0.0
eduardo rodriguez,P,AZ,Pitcher Fantasy Score,25.5,SEA,base,Wed 3:40 PM,10,1,3,6.7,55,9.97,3.26,3.06,1.63,11.6,13164,23.7%,7.8%,15.9%,0.299,1.65,0.367,56.2%,164.0,112.0,4.3,45.3%,10.1%,9.7%,,,13.7%,21.2%,,,,200,0.236,399,0.47,203,0.239,47,0.055,91.48,2256.0,0.188,0.0,0.25,0.375,0.188,91.47,2271.0,0.179,0.0,0.25,0.286,0.286,W,25.0,2.0,6.1,0.0,2.84,0.0,0.0,1.0,0.0,0.0,81.0,19.0,38.0,1.0
eduardo rodriguez,P,AZ,Pitcher Strikeouts,5.0,SEA,base,Wed 3:40 PM,10,1,3,6.7,55,9.97,3.26,3.06,1.63,11.6,13164,23.7%,7.8%,15.9%,0.299,1.65,0.367,56.2%,164.0,112.0,4.3,45.3%,10.1%,9.7%,,,13.7%,21.2%,,,,200,0.236,399,0.47,203,0.239,47,0.055,91.48,2256.0,0.188,0.0,0.25,0.375,0.188,91.47,2271.0,0.179,0.0,0.25,0.286,0.286,W,25.0,2.0,6.1,0.0,2.84,0.0,0.0,1.0,0.0,0.0,81.0,19.0,5.0,1.0
eduardo rodriguez,P,AZ,Hits Allowed,4.5,SEA,base,Wed 3:40 PM,10,1,3,6.7,55,9.97,3.26,3.06,1.63,11.6,13164,23.7%,7.8%,15.9%,0.299,1.65,0.367,56.2%,164.0,112.0,4.3,45.3%,10.1%,9.7%,,,13.7%,21.2%,,,,200,0.236,399,0.47,203,0.239,47,0.055,91.48,2256.0,0.188,0.0,0.25,0.375,0.188,91.47,2271.0,0.179,0.0,0.25,0.286,0.286,,,,,,,,,,,,,,,
kyle hendricks,P,LAA,Pitches Thrown,87.5,OAK,base,Wed 4:07 PM,12,3,6,5.4,41,5.68,2.77,2.05,1.52,9.14,12049,14.7%,7.2%,7.6%,0.26,1.32,0.272,68.4%,132.0,123.0,5.12,15.5%,35.9%,,11.9%,,,36.7%,,,,269,0.257,482,0.461,247,0.236,48,0.046,86.05,2066.0,0.475,0.0,0.4,0.3,0.225,86.41,2045.0,0.434,0.0,0.364,0.283,0.242,W,25.0,2.0,6.0,0.0,3.0,0.0,0.0,1.0,0.0,0.0,88.0,18.0,88.0,1.0
kyle hendricks,P,LAA,Pitcher Strikeouts,4.0,OAK,base,Wed 4:07 PM,12,3,6,5.4,41,5.68,2.77,2.05,1.52,9.14,12049,14.7%,7.2%,7.6%,0.26,1.32,0.272,68.4%,132.0,123.0,5.12,15.5%,35.9%,,11.9%,,,36.7%,,,,269,0.257,482,0.461,247,0.236,48,0.046,86.05,2066.0,0.475,0.0,0.4,0.3,0.225,86.41,2045.0,0.434,0.0,0.364,0.283,0.242,W,25.0,2.0,6.0,0.0,3.0,0.0,0.0,1.0,0.0,0.0,88.0,18.0,3.0,0.0
kyle hendricks,P,LAA,Pitcher Fantasy Score,24.5,OAK,base,Wed 4:07 PM,12,3,6,5.4,41,5.68,2.77,2.05,1.52,9.14,12049,14.7%,7.2%,7.6%,0.26,1.32,0.272,68.4%,132.0,123.0,5.12,15.5%,35.9%,,11.9%,,,36.7%,,,,269,0.257,482,0.461,247,0.236,48,0.046,86.05,2066.0,0.475,0.0,0.4,0.3,0.225,86.41,2045.0,0.434,0.0,0.364,0.283,0.242,W,25.0,2.0,6.0,0.0,3.0,0.0,0.0,1.0,0.0,0.0,88.0,18.0,31.0,1.0
randy vasquez,P,SD,Pitcher Fantasy Score,17.5,LAD,base,Wed 4:10 PM,13,3,4,3.69,37,5.26,4.83,1.09,1.14,8.24,24719,13.4%,12.3%,1.1%,0.243,1.45,0.258,81.4%,96.0,135.0,5.35,18.3%,16.2%,,15.4%,,28.9%,6.2%,,15.1%,,298,0.283,442,0.42,245,0.233,67,0.064,92.93,2332.0,0.56,0.0,0.44,0.28,0.16,92.8,2324.0,0.514,0.0,0.375,0.264,0.208,,18.0,1.0,4.2,0.0,1.93,0.0,0.0,1.0,0.0,0.0,70.0,14.0,23.0,1.0
randy vasquez,P,SD,Pitcher Strikeouts,3.0,LAD,base,Wed 4:10 PM,13,3,4,3.69,37,5.26,4.83,1.09,1.14,8.24,24719,13.4%,12.3%,1.1%,0.243,1.45,0.258,81.4%,96.0,135.0,5.35,18.3%,16.2%,,15.4%,,28.9%,6.2%,,15.1%,,298,0.283,442,0.42,245,0.233,67,0.064,92.93,2332.0,0.56,0.0,0.44,0.28,0.16,92.8,2324.0,0.514,0.0,0.375,0.264,0.208,,18.0,1.0,4.2,0.0,1.93,0.0,0.0,1.0,0.0,0.0,70.0,14.0,4.0,1.0
casey mize,P,DET,Earned Runs Allowed,2.5,BAL,base,Wed 6:35 PM,10,6,1,2.91,48,7.76,2.59,3.0,1.29,8.41,20492,20.7%,6.9%,13.8%,0.241,1.22,0.275,86.3%,73.0,101.0,4.08,33.7%,11.4%,14.1%,,24.6%,,,,0.1%,16.0%,251,0.296,367,0.432,174,0.205,57,0.067,93.98,2276.0,0.571,0.0,0.286,0.357,0.321,93.74,2243.0,0.475,0.0,0.3,0.35,0.3,L,25.0,2.0,5.1,0.0,3.38,0.0,0.0,1.0,0.0,0.0,90.0,16.0,2.0,0.0
casey mize,P,DET,Pitcher Fantasy Score,26.5,BAL,base,Wed 6:35 PM,10,6,1,2.91,48,7.76,2.59,3.0,1.29,8.41,20492,20.7%,6.9%,13.8%,0.241,1.22,0.275,86.3%,73.0,101.0,4.08,33.7%,11.4%,14.1%,,24.6%,,,,0.1%,16.0%,251,0.296,367,0.432,174,0.205,57,0.067,93.98,2276.0,0.571,0.0,0.286,0.357,0.321,93.74,2243.0,0.475,0.0,0.3,0.35,0.3,L,25.0,2.0,5.1,0.0,3.38,0.0,0.0,1.0,0.0,0.0,90.0,16.0,31.0,1.0
casey mize,P,DET,Pitcher Strikeouts,4.5,BAL,base,Wed 6:35 PM,10,6,1,2.91,48,7.76,2.59,3.0,1.29,8.41,20492,20.7%,6.9%,13.8%,0.241,1.22,0.275,86.3%,73.0,101.0,4.08,33.7%,11.4%,14.1%,,24.6%,,,,0.1%,16.0%,251,0.296,367,0.432,174,0.205,57,0.067,93.98,2276.0,0.571,0.0,0.286,0.357,0.321,93.74,2243.0,0.475,0.0,0.3,0.35,0.3,L,25.0,2.0,5.1,0.0,3.38,0.0,0.0,1.0,0.0,0.0,90.0,16.0,7.0,1.0
casey mize,P,DET,Pitching Outs,15.5,BAL,base,Wed 6:35 PM,10,6,1,2.91,48,7.76,2.59,3.0,1.29,8.41,20492,20.7%,6.9%,13.8%,0.241,1.22,0.275,86.3%,73.0,101.0,4.08,33.7%,11.4%,14.1%,,24.6%,,,,0.1%,16.0%,251,0.296,367,0.432,174,0.205,57,0.067,93.98,2276.0,0.571,0.0,0.286,0.357,0.321,93.74,2243.0,0.475,0.0,0.3,0.35,0.3,L,25.0,2.0,5.1,0.0,3.38,0.0,0.0,1.0,0.0,0.0,90.0,16.0,16.0,1.0
zach eflin,P,BAL,Pitcher Fantasy Score,28.5,DET,base,Wed 6:35 PM,8,5,2,4.47,31,6.02,1.17,5.17,1.94,8.94,13774,16.6%,3.2%,13.4%,0.257,1.12,0.261,75.0%,114.0,127.0,5.06,13.6%,19.4%,,15.8%,,21.2%,15.6%,,14.3%,,181,0.265,308,0.45,150,0.219,45,0.066,92.23,2186.0,0.471,0.0,0.353,0.324,0.324,91.99,2183.0,0.403,0.0,0.417,0.347,0.222,W,26.0,1.0,6.2,0.0,1.35,0.0,0.0,1.0,0.0,0.0,86.0,20.0,42.0,1.0
zach eflin,P,BAL,Earned Runs Allowed,2.5,DET,base,Wed 6:35 PM,8,5,2,4.47,31,6.02,1.17,5.17,1.94,8.94,13774,16.6%,3.2%,13.4%,0.257,1.12,0.261,75.0%,114.0,127.0,5.06,13.6%,19.4%,,15.8%,,21.2%,15.6%,,14.3%,,181,0.265,308,0.45,150,0.219,45,0.066,92.23,2186.0,0.471,0.0,0.353,0.324,0.324,91.99,2183.0,0.403,0.0,0.417,0.347,0.222,W,26.0,1.0,6.2,0.0,1.35,0.0,0.0,1.0,0.0,0.0,86.0,20.0,1.0,0.0
zach eflin,P,BAL,Pitcher Strikeouts,5.0,DET,base,Wed 6:35 PM,8,5,2,4.47,31,6.02,1.17,5.17,1.94,8.94,13774,16.6%,3.2%,13.4%,0.257,1.12,0.261,75.0%,114.0,127.0,5.06,13.6%,19.4%,,15.8%,,21.2%,15.6%,,14.3%,,181,0.265,308,0.45,150,0.219,45,0.066,92.23,2186.0,0.471,0.0,0.353,0.324,0.324,91.99,2183.0,0.403,0.0,0.417,0.347,0.222,W,26.0,1.0,6.2,0.0,1.35,0.0,0.0,1.0,0.0,0.0,86.0,20.0,5.0,1.0
zach eflin,P,BAL,Pitches Thrown,91.5,DET,base,Wed 6:35 PM,8,5,2,4.47,31,6.02,1.17,5.17,1.94,8.94,13774,16.6%,3.2%,13.4%,0.257,1.12,0.261,75.0%,114.0,127.0,5.06,13.6%,19.4%,,15.8%,,21.2%,15.6%,,14.3%,,181,0.265,308,0.45,150,0.219,45,0.066,92.23,2186.0,0.471,0.0,0.353,0.324,0.324,91.99,2183.0,0.403,0.0,0.417,0.347,0.222,W,26.0,1.0,6.2,0.0,1.35,0.0,0.0,1.0,0.0,0.0,86.0,20.0,86.0,0.0
zack littell,P,TB,Pitcher Fantasy Score,23.5,BOS,base,Wed 7:10 PM,13,6,5,3.68,52,5.8,1.23,4.73,1.9,8.59,15823,16.3%,3.4%,12.8%,0.252,1.09,0.253,86.3%,96.0,128.0,5.04,24.4%,14.1%,32.5%,,24.5%,,,,4.5%,,337,0.298,524,0.463,208,0.184,62,0.055,92.05,2012.0,0.333,0.0,0.521,0.292,0.146,91.89,2002.0,0.375,0.0,0.442,0.26,0.202,L,27.0,4.0,6.0,0.0,6.0,0.0,0.0,1.0,0.0,0.0,92.0,18.0,24.0,1.0
zack littell,P,TB,Pitcher Strikeouts,4.0,BOS,base,Wed 7:10 PM,13,6,5,3.68,52,5.8,1.23,4.73,1.9,8.59,15823,16.3%,3.4%,12.8%,0.252,1.09,0.253,86.3%,96.0,128.0,5.04,24.4%,14.1%,32.5%,,24.5%,,,,4.5%,,337,0.298,524,0.463,208,0.184,62,0.055,92.05,2012.0,0.333,0.0,0.521,0.292,0.146,91.89,2002.0,0.375,0.0,0.442,0.26,0.202,L,27.0,4.0,6.0,0.0,6.0,0.0,0.0,1.0,0.0,0.0,92.0,18.0,6.0,1.0
walker buehler,P,BOS,Pitcher Strikeouts,4.5,TB,base,Wed 7:10 PM,10,4,4,5.18,44,8.14,3.14,2.59,1.85,9.8,19374,20.4%,7.9%,12.5%,0.273,1.44,0.307,73.8%,122.0,130.0,5.29,22.9%,17.1%,11.3%,,,17.2%,9.4%,11.8%,10.3%,,212,0.253,348,0.415,196,0.234,82,0.098,95.08,2152.0,0.548,0.0,0.258,0.29,0.355,94.63,2249.0,0.5,0.0,0.333,0.312,0.292,W,28.0,3.0,7.0,0.0,3.86,0.0,0.0,1.0,0.0,0.0,97.0,21.0,7.0,1.0
walker buehler,P,BOS,Walks Allowed,1.5,TB,base,Wed 7:10 PM,10,4,4,5.18,44,8.14,3.14,2.59,1.85,9.8,19374,20.4%,7.9%,12.5%,0.273,1.44,0.307,73.8%,122.0,130.0,5.29,22.9%,17.1%,11.3%,,,17.2%,9.4%,11.8%,10.3%,,212,0.253,348,0.415,196,0.234,82,0.098,95.08,2152.0,0.548,0.0,0.258,0.29,0.355,94.63,2249.0,0.5,0.0,0.333,0.312,0.292,,,,,,,,,,,,,,,
walker buehler,P,BOS,Pitcher Fantasy Score,23.5,TB,base,Wed 7:10 PM,10,4,4,5.18,44,8.14,3.14,2.59,1.85,9.8,19374,20.4%,7.9%,12.5%,0.273,1.44,0.307,73.8%,122.0,130.0,5.29,22.9%,17.1%,11.3%,,,17.2%,9.4%,11.8%,10.3%,,212,0.253,348,0.415,196,0.234,82,0.098,95.08,2152.0,0.548,0.0,0.258,0.29,0.355,94.63,2249.0,0.5,0.0,0.333,0.312,0.292,W,28.0,3.0,7.0,0.0,3.86,0.0,0.0,1.0,0.0,0.0,97.0,21.0,43.0,1.0
walker buehler,P,BOS,Earned Runs Allowed,2.5,TB,base,Wed 7:10 PM,10,4,4,5.18,44,8.14,3.14,2.59,1.85,9.8,19374,20.4%,7.9%,12.5%,0.273,1.44,0.307,73.8%,122.0,130.0,5.29,22.9%,17.1%,11.3%,,,17.2%,9.4%,11.8%,10.3%,,212,0.253,348,0.415,196,0.234,82,0.098,95.08,2152.0,0.548,0.0,0.258,0.29,0.355,94.63,2249.0,0.5,0.0,0.333,0.312,0.292,W,28.0,3.0,7.0,0.0,3.86,0.0,0.0,1.0,0.0,0.0,97.0,21.0,3.0,1.0
david peterson,P,NYM,Walks Allowed,1.5,WSH,base,Wed 7:10 PM,12,4,2,2.8,65,8.28,3.18,2.6,0.51,8.15,20302,21.7%,8.4%,13.4%,0.237,1.26,0.299,77.8%,72.0,81.0,3.2,23.3%,28.7%,20.2%,12.6%,,,15.1%,,,,291,0.257,524,0.463,230,0.203,86,0.076,91.97,2061.0,0.588,0.0,0.5,0.176,0.324,91.82,2103.0,0.41,0.0,0.53,0.181,0.277,,,,,,,,,,,,,,,
david peterson,P,NYM,Hits Allowed,5.5,WSH,base,Wed 7:10 PM,12,4,2,2.8,65,8.28,3.18,2.6,0.51,8.15,20302,21.7%,8.4%,13.4%,0.237,1.26,0.299,77.8%,72.0,81.0,3.2,23.3%,28.7%,20.2%,12.6%,,,15.1%,,,,291,0.257,524,0.463,230,0.203,86,0.076,91.97,2061.0,0.588,0.0,0.5,0.176,0.324,91.82,2103.0,0.41,0.0,0.53,0.181,0.277,,,,,,,,,,,,,,,
david peterson,P,NYM,Pitcher Strikeouts,5.0,WSH,base,Wed 7:10 PM,12,4,2,2.8,65,8.28,3.18,2.6,0.51,8.15,20302,21.7%,8.4%,13.4%,0.237,1.26,0.299,77.8%,72.0,81.0,3.2,23.3%,28.7%,20.2%,12.6%,,,15.1%,,,,291,0.257,524,0.463,230,0.203,86,0.076,91.97,2061.0,0.588,0.0,0.5,0.176,0.324,91.82,2103.0,0.41,0.0,0.53,0.181,0.277,W,31.0,0.0,9.0,1.0,0.0,0.0,1.0,1.0,0.0,0.0,106.0,27.0,6.0,1.0
jake irvin,P,WSH,Pitching Outs,16.5,NYM,base,Wed 7:10 PM,13,5,2,4.02,50,5.74,2.53,2.27,1.26,8.5,21504,15.2%,6.7%,8.5%,0.243,1.23,0.258,76.0%,101.0,113.0,4.5,30.1%,18.9%,0.6%,36.8%,,2.8%,10.9%,,,,389,0.327,537,0.452,194,0.163,68,0.057,93.08,2354.0,0.429,0.0,0.452,0.238,0.262,92.18,2314.0,0.456,0.0,0.427,0.291,0.233,L,24.0,4.0,5.0,0.0,7.2,0.0,0.0,1.0,0.0,0.0,100.0,15.0,15.0,0.0
jake irvin,P,WSH,Pitcher Strikeouts,3.5,NYM,base,Wed 7:10 PM,13,5,2,4.02,50,5.74,2.53,2.27,1.26,8.5,21504,15.2%,6.7%,8.5%,0.243,1.23,0.258,76.0%,101.0,113.0,4.5,30.1%,18.9%,0.6%,36.8%,,2.8%,10.9%,,,,389,0.327,537,0.452,194,0.163,68,0.057,93.08,2354.0,0.429,0.0,0.452,0.238,0.262,92.18,2314.0,0.456,0.0,0.427,0.291,0.233,L,24.0,4.0,5.0,0.0,7.2,0.0,0.0,1.0,0.0,0.0,100.0,15.0,4.0,1.0
kris bubic,P,KC,Pitching Outs,16.5,NYY,base,Wed 7:40 PM,12,5,3,1.43,79,9.44,2.63,3.59,0.36,6.33,21455,26.9%,7.5%,19.4%,0.196,1.0,0.266,86.5%,34.0,59.0,2.45,38.9%,5.6%,13.9%,,,,20.7%,,20.9%,,328,0.297,487,0.442,221,0.2,67,0.061,92.99,2529.0,0.286,0.0,0.357,0.286,0.357,93.05,2474.0,0.255,0.0,0.4,0.309,0.236,L,23.0,5.0,4.1,0.0,10.38,0.0,0.0,1.0,0.0,0.0,97.0,13.0,13.0,0.0
kris bubic,P,KC,Pitcher Strikeouts,5.0,NYY,base,Wed 7:40 PM,12,5,3,1.43,79,9.44,2.63,3.59,0.36,6.33,21455,26.9%,7.5%,19.4%,0.196,1.0,0.266,86.5%,34.0,59.0,2.45,38.9%,5.6%,13.9%,,,,20.7%,,20.9%,,328,0.297,487,0.442,221,0.2,67,0.061,92.99,2529.0,0.286,0.0,0.357,0.286,0.357,93.05,2474.0,0.255,0.0,0.4,0.309,0.236,L,23.0,5.0,4.1,0.0,10.38,0.0,0.0,1.0,0.0,0.0,97.0,13.0,3.0,0.0
kris bubic,P,KC,Pitches Thrown,92.5,NYY,base,Wed 7:40 PM,12,5,3,1.43,79,9.44,2.63,3.59,0.36,6.33,21455,26.9%,7.5%,19.4%,0.196,1.0,0.266,86.5%,34.0,59.0,2.45,38.9%,5.6%,13.9%,,,,20.7%,,20.9%,,328,0.297,487,0.442,221,0.2,67,0.061,92.99,2529.0,0.286,0.0,0.357,0.286,0.357,93.05,2474.0,0.255,0.0,0.4,0.309,0.236,L,23.0,5.0,4.1,0.0,10.38,0.0,0.0,1.0,0.0,0.0,97.0,13.0,97.0,1.0
kris bubic,P,KC,Pitcher Fantasy Score,28.5,NYY,base,Wed 7:40 PM,12,5,3,1.43,79,9.44,2.63,3.59,0.36,6.33,21455,26.9%,7.5%,19.4%,0.196,1.0,0.266,86.5%,34.0,59.0,2.45,38.9%,5.6%,13.9%,,,,20.7%,,20.9%,,328,0.297,487,0.442,221,0.2,67,0.061,92.99,2529.0,0.286,0.0,0.357,0.286,0.357,93.05,2474.0,0.255,0.0,0.4,0.309,0.236,L,23.0,5.0,4.1,0.0,10.38,0.0,0.0,1.0,0.0,0.0,97.0,13.0,7.0,0.0
clarke schmidt,P,NYY,Walks Allowed,1.5,KC,base,Wed 7:40 PM,9,2,3,4.04,50,9.18,3.86,2.38,1.1,7.71,19899,24.5%,10.3%,14.2%,0.23,1.29,0.283,75.1%,101.0,93.0,3.91,1.5%,8.9%,5.4%,,,45.2%,,20.9%,18.1%,,249,0.313,313,0.394,166,0.209,67,0.084,94.2,2666.0,0.323,0.0,0.387,0.387,0.194,94.7,2610.0,0.371,0.0,0.329,0.3,0.286,,,,,,,,,,,,,,,
clarke schmidt,P,NYY,Pitcher Strikeouts,4.5,KC,base,Wed 7:40 PM,9,2,3,4.04,50,9.18,3.86,2.38,1.1,7.71,19899,24.5%,10.3%,14.2%,0.23,1.29,0.283,75.1%,101.0,93.0,3.91,1.5%,8.9%,5.4%,,,45.2%,,20.9%,18.1%,,249,0.313,313,0.394,166,0.209,67,0.084,94.2,2666.0,0.323,0.0,0.387,0.387,0.194,94.7,2610.0,0.371,0.0,0.329,0.3,0.286,W,22.0,0.0,6.0,0.0,0.0,0.0,0.0,1.0,0.0,0.0,91.0,18.0,7.0,1.0
clarke schmidt,P,NYY,Pitches Thrown,92.5,KC,base,Wed 7:40 PM,9,2,3,4.04,50,9.18,3.86,2.38,1.1,7.71,19899,24.5%,10.3%,14.2%,0.23,1.29,0.283,75.1%,101.0,93.0,3.91,1.5%,8.9%,5.4%,,,45.2%,,20.9%,18.1%,,249,0.313,313,0.394,166,0.209,67,0.084,94.2,2666.0,0.323,0.0,0.387,0.387,0.194,94.7,2610.0,0.371,0.0,0.329,0.3,0.286,W,22.0,0.0,6.0,0.0,0.0,0.0,0.0,1.0,0.0,0.0,91.0,18.0,91.0,0.0
clarke schmidt,P,NYY,Pitching Outs,17.5,KC,base,Wed 7:40 PM,9,2,3,4.04,50,9.18,3.86,2.38,1.1,7.71,19899,24.5%,10.3%,14.2%,0.23,1.29,0.283,75.1%,101.0,93.0,3.91,1.5%,8.9%,5.4%,,,45.2%,,20.9%,18.1%,,249,0.313,313,0.394,166,0.209,67,0.084,94.2,2666.0,0.323,0.0,0.387,0.387,0.194,94.7,2610.0,0.371,0.0,0.329,0.3,0.286,W,22.0,0.0,6.0,0.0,0.0,0.0,0.0,1.0,0.0,0.0,91.0,18.0,18.0,1.0
clarke schmidt,P,NYY,Earned Runs Allowed,2.5,KC,base,Wed 7:40 PM,9,2,3,4.04,50,9.18,3.86,2.38,1.1,7.71,19899,24.5%,10.3%,14.2%,0.23,1.29,0.283,75.1%,101.0,93.0,3.91,1.5%,8.9%,5.4%,,,45.2%,,20.9%,18.1%,,249,0.313,313,0.394,166,0.209,67,0.084,94.2,2666.0,0.323,0.0,0.387,0.387,0.194,94.7,2610.0,0.371,0.0,0.329,0.3,0.286,W,22.0,0.0,6.0,0.0,0.0,0.0,0.0,1.0,0.0,0.0,91.0,18.0,0.0,0.0
clarke schmidt,P,NYY,Pitcher Fantasy Score,27.5,KC,base,Wed 7:40 PM,9,2,3,4.04,50,9.18,3.86,2.38,1.1,7.71,19899,24.5%,10.3%,14.2%,0.23,1.29,0.283,75.1%,101.0,93.0,3.91,1.5%,8.9%,5.4%,,,45.2%,,20.9%,18.1%,,249,0.313,313,0.394,166,0.209,67,0.084,94.2,2666.0,0.323,0.0,0.387,0.387,0.194,94.7,2610.0,0.371,0.0,0.329,0.3,0.286,W,22.0,0.0,6.0,0.0,0.0,0.0,0.0,1.0,0.0,0.0,91.0,18.0,49.0,1.0
clarke schmidt,P,NYY,Hits Allowed,5.5,KC,base,Wed 7:40 PM,9,2,3,4.04,50,9.18,3.86,2.38,1.1,7.71,19899,24.5%,10.3%,14.2%,0.23,1.29,0.283,75.1%,101.0,93.0,3.91,1.5%,8.9%,5.4%,,,45.2%,,20.9%,18.1%,,249,0.313,313,0.394,166,0.209,67,0.084,94.2,2666.0,0.323,0.0,0.387,0.387,0.194,94.7,2610.0,0.371,0.0,0.329,0.3,0.286,,,,,,,,,,,,,,,
jack leiter,P,TEX,Pitching Outs,15.5,MIN,base,Wed 7:40 PM,10,4,2,3.48,42,7.32,4.18,1.75,0.87,6.27,30146,19.7%,11.3%,8.5%,0.193,1.16,0.221,76.4%,87.0,102.0,4.22,29.1%,22.3%,27.4%,8.8%,,,12.4%,,,,238,0.279,358,0.42,173,0.203,84,0.098,97.39,2409.0,0.56,0.0,0.48,0.32,0.16,97.43,2411.0,0.507,0.0,0.373,0.387,0.2,L,19.0,4.0,4.0,0.0,9.0,0.0,0.0,1.0,0.0,0.0,87.0,12.0,12.0,0.0
jack leiter,P,TEX,Pitcher Fantasy Score,24.5,MIN,base,Wed 7:40 PM,10,4,2,3.48,42,7.32,4.18,1.75,0.87,6.27,30146,19.7%,11.3%,8.5%,0.193,1.16,0.221,76.4%,87.0,102.0,4.22,29.1%,22.3%,27.4%,8.8%,,,12.4%,,,,238,0.279,358,0.42,173,0.203,84,0.098,97.39,2409.0,0.56,0.0,0.48,0.32,0.16,97.43,2411.0,0.507,0.0,0.373,0.387,0.2,L,19.0,4.0,4.0,0.0,9.0,0.0,0.0,1.0,0.0,0.0,87.0,12.0,9.0,0.0
jack leiter,P,TEX,Pitcher Strikeouts,4.5,MIN,base,Wed 7:40 PM,10,4,2,3.48,42,7.32,4.18,1.75,0.87,6.27,30146,19.7%,11.3%,8.5%,0.193,1.16,0.221,76.4%,87.0,102.0,4.22,29.1%,22.3%,27.4%,8.8%,,,12.4%,,,,238,0.279,358,0.42,173,0.203,84,0.098,97.39,2409.0,0.56,0.0,0.48,0.32,0.16,97.43,2411.0,0.507,0.0,0.373,0.387,0.2,L,19.0,4.0,4.0,0.0,9.0,0.0,0.0,1.0,0.0,0.0,87.0,12.0,3.0,0.0
david festa,P,MIN,Hits Allowed,4.5,TEX,base,Wed 7:40 PM,4,0,1,5.4,21,11.34,3.78,3.0,1.62,9.72,30056,28.0%,9.3%,18.7%,0.273,1.5,0.357,70.2%,136.0,111.0,4.51,36.2%,7.9%,28.3%,,,,27.6%,,,,92,0.303,129,0.424,58,0.191,25,0.082,94.81,2448.0,0.545,0.0,0.273,0.455,0.182,94.81,2448.0,0.545,0.0,0.273,0.455,0.182,,,,,,,,,,,,,,,
david festa,P,MIN,Walks Allowed,1.5,TEX,base,Wed 7:40 PM,4,0,1,5.4,21,11.34,3.78,3.0,1.62,9.72,30056,28.0%,9.3%,18.7%,0.273,1.5,0.357,70.2%,136.0,111.0,4.51,36.2%,7.9%,28.3%,,,,27.6%,,,,92,0.303,129,0.424,58,0.191,25,0.082,94.81,2448.0,0.545,0.0,0.273,0.455,0.182,94.81,2448.0,0.545,0.0,0.273,0.455,0.182,,,,,,,,,,,,,,,
david festa,P,MIN,Pitcher Strikeouts,5.0,TEX,base,Wed 7:40 PM,4,0,1,5.4,21,11.34,3.78,3.0,1.62,9.72,30056,28.0%,9.3%,18.7%,0.273,1.5,0.357,70.2%,136.0,111.0,4.51,36.2%,7.9%,28.3%,,,,27.6%,,,,92,0.303,129,0.424,58,0.191,25,0.082,94.81,2448.0,0.545,0.0,0.273,0.455,0.182,94.81,2448.0,0.545,0.0,0.273,0.455,0.182,W,22.0,2.0,6.0,0.0,3.0,0.0,0.0,1.0,0.0,0.0,86.0,18.0,4.0,0.0
sean burke,P,CWS,Pitcher Strikeouts,4.0,HOU,base,Wed 8:10 PM,13,3,6,4.03,50,6.72,4.3,1.56,1.34,8.19,29878,17.2%,11.0%,6.2%,0.239,1.39,0.262,74.7%,100.0,122.0,5.13,40.3%,6.7%,27.9%,18.1%,,,7.0%,,,,299,0.269,462,0.415,277,0.249,75,0.067,94.38,2575.0,0.371,0.0,0.286,0.229,0.343,93.95,2560.0,0.338,0.0,0.292,0.262,0.308,L,20.0,7.0,3.2,0.0,17.18,0.0,0.0,1.0,0.0,0.0,73.0,11.0,4.0,1.0
sean burke,P,CWS,Pitching Outs,16.5,HOU,base,Wed 8:10 PM,13,3,6,4.03,50,6.72,4.3,1.56,1.34,8.19,29878,17.2%,11.0%,6.2%,0.239,1.39,0.262,74.7%,100.0,122.0,5.13,40.3%,6.7%,27.9%,18.1%,,,7.0%,,,,299,0.269,462,0.415,277,0.249,75,0.067,94.38,2575.0,0.371,0.0,0.286,0.229,0.343,93.95,2560.0,0.338,0.0,0.292,0.262,0.308,L,20.0,7.0,3.2,0.0,17.18,0.0,0.0,1.0,0.0,0.0,73.0,11.0,11.0,0.0
sean burke,P,CWS,Hits Allowed,5.5,HOU,base,Wed 8:10 PM,13,3,6,4.03,50,6.72,4.3,1.56,1.34,8.19,29878,17.2%,11.0%,6.2%,0.239,1.39,0.262,74.7%,100.0,122.0,5.13,40.3%,6.7%,27.9%,18.1%,,,7.0%,,,,299,0.269,462,0.415,277,0.249,75,0.067,94.38,2575.0,0.371,0.0,0.286,0.229,0.343,93.95,2560.0,0.338,0.0,0.292,0.262,0.308,,,,,,,,,,,,,,,
sean burke,P,CWS,Pitcher Fantasy Score,23.5,HOU,base,Wed 8:10 PM,13,3,6,4.03,50,6.72,4.3,1.56,1.34,8.19,29878,17.2%,11.0%,6.2%,0.239,1.39,0.262,74.7%,100.0,122.0,5.13,40.3%,6.7%,27.9%,18.1%,,,7.0%,,,,299,0.269,462,0.415,277,0.249,75,0.067,94.38,2575.0,0.371,0.0,0.286,0.229,0.343,93.95,2560.0,0.338,0.0,0.292,0.262,0.308,L,20.0,7.0,3.2,0.0,17.18,0.0,0.0,1.0,0.0,0.0,73.0,11.0,2.0,0.0
ryan gusto,P,HOU,Pitcher Strikeouts,4.5,CWS,base,Wed 8:10 PM,14,3,3,4.78,45,9.35,4.36,2.14,1.25,10.38,26440,22.4%,10.4%,11.9%,0.281,1.64,0.346,72.8%,121.0,109.0,4.39,46.6%,5.6%,1.1%,14.7%,,12.5%,9.2%,,10.2%,,245,0.31,339,0.429,157,0.198,50,0.063,94.66,2442.0,0.385,0.0,0.423,0.077,0.385,94.37,2445.0,0.34,0.0,0.34,0.16,0.36,W,25.0,2.0,6.0,0.0,3.0,0.0,0.0,1.0,0.0,0.0,91.0,18.0,7.0,1.0
ryan gusto,P,HOU,Pitcher Fantasy Score,23.5,CWS,base,Wed 8:10 PM,14,3,3,4.78,45,9.35,4.36,2.14,1.25,10.38,26440,22.4%,10.4%,11.9%,0.281,1.64,0.346,72.8%,121.0,109.0,4.39,46.6%,5.6%,1.1%,14.7%,,12.5%,9.2%,,10.2%,,245,0.31,339,0.429,157,0.198,50,0.063,94.66,2442.0,0.385,0.0,0.423,0.077,0.385,94.37,2445.0,0.34,0.0,0.34,0.16,0.36,W,25.0,2.0,6.0,0.0,3.0,0.0,0.0,1.0,0.0,0.0,91.0,18.0,43.0,1.0
ryan gusto,P,HOU,Hits Allowed,4.5,CWS,base,Wed 8:10 PM,14,3,3,4.78,45,9.35,4.36,2.14,1.25,10.38,26440,22.4%,10.4%,11.9%,0.281,1.64,0.346,72.8%,121.0,109.0,4.39,46.6%,5.6%,1.1%,14.7%,,12.5%,9.2%,,10.2%,,245,0.31,339,0.429,157,0.198,50,0.063,94.66,2442.0,0.385,0.0,0.423,0.077,0.385,94.37,2445.0,0.34,0.0,0.34,0.16,0.36,,,,,,,,,,,,,,,
kyle freeland,P,COL,Pitching Outs,17.5,SF,base,Wed 8:40 PM,13,1,8,5.19,52,6.92,1.73,4.0,0.93,12.1,16256,17.2%,4.3%,12.9%,0.316,1.54,0.367,57.2%,114.0,85.0,3.55,25.0%,14.7%,,,,14.5%,7.8%,20.8%,17.2%,,291,0.273,471,0.442,229,0.215,74,0.069,91.7,2408.0,0.486,0.0,0.378,0.243,0.297,91.81,2422.0,0.414,0.0,0.368,0.241,0.333,,25.0,3.0,6.0,0.0,4.5,0.0,0.0,1.0,0.0,0.0,90.0,18.0,18.0,1.0
kyle freeland,P,COL,Pitcher Strikeouts,4.0,SF,base,Wed 8:40 PM,13,1,8,5.19,52,6.92,1.73,4.0,0.93,12.1,16256,17.2%,4.3%,12.9%,0.316,1.54,0.367,57.2%,114.0,85.0,3.55,25.0%,14.7%,,,,14.5%,7.8%,20.8%,17.2%,,291,0.273,471,0.442,229,0.215,74,0.069,91.7,2408.0,0.486,0.0,0.378,0.243,0.297,91.81,2422.0,0.414,0.0,0.368,0.241,0.333,,25.0,3.0,6.0,0.0,4.5,0.0,0.0,1.0,0.0,0.0,90.0,18.0,5.0,1.0
kyle freeland,P,COL,Pitcher Fantasy Score,20.5,SF,base,Wed 8:40 PM,13,1,8,5.19,52,6.92,1.73,4.0,0.93,12.1,16256,17.2%,4.3%,12.9%,0.316,1.54,0.367,57.2%,114.0,85.0,3.55,25.0%,14.7%,,,,14.5%,7.8%,20.8%,17.2%,,291,0.273,471,0.442,229,0.215,74,0.069,91.7,2408.0,0.486,0.0,0.378,0.243,0.297,91.81,2422.0,0.414,0.0,0.368,0.241,0.333,,25.0,3.0,6.0,0.0,4.5,0.0,0.0,1.0,0.0,0.0,90.0,18.0,28.0,1.0
kyle freeland,P,COL,Pitches Thrown,89.5,SF,base,Wed 8:40 PM,13,1,8,5.19,52,6.92,1.73,4.0,0.93,12.1,16256,17.2%,4.3%,12.9%,0.316,1.54,0.367,57.2%,114.0,85.0,3.55,25.0%,14.7%,,,,14.5%,7.8%,20.8%,17.2%,,291,0.273,471,0.442,229,0.215,74,0.069,91.7,2408.0,0.486,0.0,0.378,0.243,0.297,91.81,2422.0,0.414,0.0,0.368,0.241,0.333,,25.0,3.0,6.0,0.0,4.5,0.0,0.0,1.0,0.0,0.0,90.0,18.0,90.0,1.0
robbie ray,P,SF,Earned Runs Allowed,2.5,COL,base,Wed 8:40 PM,13,8,1,2.44,87,10.13,3.61,2.81,0.7,6.05,11486,28.4%,10.1%,18.3%,0.189,1.07,0.253,83.1%,62.0,80.0,3.03,52.3%,,24.1%,,,,13.3%,10.2%,,,341,0.279,556,0.455,239,0.196,85,0.07,93.78,2375.0,0.333,0.0,0.185,0.37,0.37,93.84,2381.0,0.389,0.0,0.347,0.292,0.278,,21.0,2.0,4.0,0.0,4.5,0.0,0.0,1.0,1.0,0.0,93.0,12.0,2.0,0.0
robbie ray,P,SF,Pitches Thrown,96.5,COL,base,Wed 8:40 PM,13,8,1,2.44,87,10.13,3.61,2.81,0.7,6.05,11486,28.4%,10.1%,18.3%,0.189,1.07,0.253,83.1%,62.0,80.0,3.03,52.3%,,24.1%,,,,13.3%,10.2%,,,341,0.279,556,0.455,239,0.196,85,0.07,93.78,2375.0,0.333,0.0,0.185,0.37,0.37,93.84,2381.0,0.389,0.0,0.347,0.292,0.278,,21.0,2.0,4.0,0.0,4.5,0.0,0.0,1.0,1.0,0.0,93.0,12.0,93.0,0.0
robbie ray,P,SF,Pitcher Fantasy Score,37.5,COL,base,Wed 8:40 PM,13,8,1,2.44,87,10.13,3.61,2.81,0.7,6.05,11486,28.4%,10.1%,18.3%,0.189,1.07,0.253,83.1%,62.0,80.0,3.03,52.3%,,24.1%,,,,13.3%,10.2%,,,341,0.279,556,0.455,239,0.196,85,0.07,93.78,2375.0,0.333,0.0,0.185,0.37,0.37,93.84,2381.0,0.389,0.0,0.347,0.292,0.278,,21.0,2.0,4.0,0.0,4.5,0.0,0.0,1.0,1.0,0.0,93.0,12.0,21.0,0.0
robbie ray,P,SF,Pitcher Strikeouts,7.0,COL,base,Wed 8:40 PM,13,8,1,2.44,87,10.13,3.61,2.81,0.7,6.05,11486,28.4%,10.1%,18.3%,0.189,1.07,0.253,83.1%,62.0,80.0,3.03,52.3%,,24.1%,,,,13.3%,10.2%,,,341,0.279,556,0.455,239,0.196,85,0.07,93.78,2375.0,0.333,0.0,0.185,0.37,0.37,93.84,2381.0,0.389,0.0,0.347,0.292,0.278,,21.0,2.0,4.0,0.0,4.5,0.0,0.0,1.0,1.0,0.0,93.0,12.0,5.0,0.0
